USERNAME,PASSWORD,ADDRESS1,ADDRESS2,FIRSTNAME,LASTNAME,FULLNAME,CREDITCARD,EXPDATE,From,Arrive
jojo,bean,Aglaemouth,Auerland,Hortense,Weissnat,jojo bean,7290893444208340,01/23,Los Angeles,Paris
user1,pwd1,O'Connellview,Keeblermouth,Hank,McCullough,user1 pwd1,1195252377878270,02/23,Los Angeles,Portland
user2,pwd2,New Linneatown,North Romaland,Thurman,Dickens,user2 pwd2,2033294875729190,03/23,Los Angeles,San Francisco
user3,pwd3,West Marilou,Harbermouth,Cassandre,Leffler,user3 pwd3,3467287500194160,04/23,Los Angeles,Denver
user4,pwd4,New Gonzalotown,New Jaydachester,Abdul,Hickle,user4 pwd4,1326456806239870,05/23,Los Angeles,Seattle
user5,pwd5,North Leaville,East Zulafurt,Dora,Schuster,user5 pwd5,7238729764879460,06/23,Los Angeles,Frankfurt
user6,pwd6,New Shayleefurt,Prohaskamouth,Thora,Hettinger,user6 pwd6,5050723352548990,07/23,Los Angeles,Sydney
user7,pwd7,North Shawn,Mullerville,Alexandria,Lind,user7 pwd7,3192834031762070,08/23,Los Angeles,London
user8,pwd8,Lake Karenburgh,West Conniestad,Kyler,Windler,user8 pwd8,4459764567344050,09/23,Los Angeles,Zurich
user9,pwd9,West Ramiro,East Jacinto,Gerry,Beer,user9 pwd9,8153153129212310,10/23,Paris,Portland
user10,pwd10,North Lucindabury,North Norris,Norma,Gaylord,user10 pwd10,8379846099382240,11/23,Paris,San Francisco
user11,pwd11,Kaitlinstad,Toyville,Destany,Collier,user11 pwd11,1008387921544440,12/23,Paris,Denver
user12,pwd12,Gordonville,Walkerport,Jenifer,Stehr,user12 pwd12,1429117232966540,01/23,Paris,Seattle
user13,pwd13,New Danny,East Ulises,Antonio,Feil,user13 pwd13,2950244261635720,02/23,Paris,Frankfurt
user14,pwd14,Kuvalisburgh,Ankundingside,Juwan,Kuhlman,user14 pwd14,4811683180998640,03/23,Paris,Sydney
user15,pwd15,West Janessa,North Leonorton,Kiley,Hartmann,user15 pwd15,7596311745980970,04/23,Paris,London
user16,pwd16,Huelschester,Lake Dianna,Jermey,Erdman,user16 pwd16,2847489937999130,05/23,Paris,Zurich
user17,pwd17,Hammesville,Smithamton,Keyshawn,Leannon,user17 pwd17,8743776634888180,06/23,Paris,Los Angeles
user18,pwd18,West Mandy,East Orlando,Michaela,Fisher,user18 pwd18,3330794160432880,07/23,Portland,San Francisco
user19,pwd19,South Kevon,Tatyanafurt,Easter,McGlynn,user19 pwd19,4275546236978570,08/23,Portland,Denver
user20,pwd20,Robelbury,North Ceciliatown,Lamar,Mann,user20 pwd20,1453852196741550,09/23,Portland,Seattle
user21,pwd21,Port Stefan,New Hester,Stewart,Lueilwitz,user21 pwd21,3633191684952720,10/23,Portland,Frankfurt
user22,pwd22,East Adalbertoport,Fayville,Thelma,Schmidt,user22 pwd22,8195187679675780,11/23,Portland,Sydney
user23,pwd23,Holdenstad,Noelbury,Kali,Mueller,user23 pwd23,2056386905866780,12/23,Portland,London
user24,pwd24,New Schuyler,Isaiasmouth,Emilio,Mueller,user24 pwd24,5601109446516690,01/24,Portland,Zurich
user25,pwd25,New Hollisview,Lake Elianland,Virginia,Morissette,user25 pwd25,8147158965165570,02/24,Portland,Los Angeles
user26,pwd26,Auroremouth,Korbinchester,Kaci,Bashirian,user26 pwd26,2022303385139880,03/24,Portland,Paris
user27,pwd27,New Gabe,New Brad,Kaela,Lueilwitz,user27 pwd27,8346466460713540,04/24,San Francisco,Denver
user28,pwd28,Bettyborough,Port Ignatiuschester,Shaina,Rowe,user28 pwd28,8917418392922800,05/24,San Francisco,Seattle
user29,pwd29,Nikkibury,Lueilwitzshire,Timmy,VonRueden,user29 pwd29,7064554836263340,06/24,San Francisco,Frankfurt
user30,pwd30,Hellerfort,Berylside,Candice,Carroll,user30 pwd30,7802923930347270,07/24,San Francisco,Sydney
user31,pwd31,Weberchester,Estebanfurt,Savion,Torphy,user31 pwd31,4873858710230660,08/24,San Francisco,London
user32,pwd32,Lake Keeley,Turnerport,Corene,Mueller,user32 pwd32,2961296901103460,09/24,San Francisco,Zurich
user33,pwd33,East Rebecca,Thielbury,Marie,Gaylord,user33 pwd33,5062849204616670,10/24,San Francisco,Los Angeles
user34,pwd34,Port Virginiamouth,South Geoffreyland,Eloy,Bode,user34 pwd34,2582913727348710,11/24,San Francisco,Paris
user35,pwd35,Wolfburgh,Funkhaven,Elda,Christiansen,user35 pwd35,3405203294543370,12/24,San Francisco,Portland
user36,pwd36,South Mikel,East Makayla,Bryon,Ritchie,user36 pwd36,3175214756633850,01/24,Denver,Seattle
user37,pwd37,Paytonhaven,Katherineport,Trycia,Kozey,user37 pwd37,3012756263974110,02/24,Denver,Frankfurt
user38,pwd38,Port Jayson,Gibsonmouth,Travis,Zieme,user38 pwd38,2097555688062620,03/24,Denver,Sydney
user39,pwd39,North Gloriashire,North Ivorymouth,Patrick,Schroeder,user39 pwd39,4154763214494470,04/24,Denver,London
user40,pwd40,Deckowburgh,Jaskolskimouth,London,Jenkins,user40 pwd40,2713700675666990,05/24,Denver,Zurich
user41,pwd41,East Giovanni,Rogahnberg,Laisha,Homenick,user41 pwd41,5037035901463180,06/24,Denver,Los Angeles
user42,pwd42,West Lemuelhaven,West Katlynn,Abbie,Lebsack,user42 pwd42,5460213217695170,07/24,Denver,Paris
user43,pwd43,East Simoneberg,East Janis,Wilma,Stokes,user43 pwd43,4465759990619780,08/24,Denver,Portland
user44,pwd44,Gleasonview,Lake Josianne,Mariela,Kovacek,user44 pwd44,4925252143960830,09/24,Denver,San Francisco
user45,pwd45,Bodeville,Breitenbergfort,Carmen,Parker,user45 pwd45,4143626013831510,10/24,Seattle,Frankfurt
user46,pwd46,North Sonnystad,Lake Stacyton,Rubie,Schmidt,user46 pwd46,5981676965879500,11/24,Seattle,Sydney
user47,pwd47,Hahnstad,New Ollieville,Ilene,Streich,user47 pwd47,6134634907041770,12/24,Seattle,London
user48,pwd48,Larkinstad,North Madelynn,Donato,Runolfsson,user48 pwd48,5534891354030010,01/24,Seattle,Zurich
user49,pwd49,Viviennebury,Alizeland,Katarina,Lind,user49 pwd49,3859403797138640,02/24,Seattle,Los Angeles
user50,pwd50,Streichburgh,East Caesarfurt,Tyra,Denesik,user50 pwd50,4077847795412530,03/24,Seattle,Paris
user51,pwd51,Murphyburgh,North Mallie,Perry,Farrell,user51 pwd51,8771607577419640,04/24,Seattle,Portland
user52,pwd52,Ferryfurt,Lake Ladarius,Ardith,Walter,user52 pwd52,2710845719851360,05/24,Seattle,San Francisco
user53,pwd53,West Darianaview,Lomamouth,Lorenzo,Hagenes,user53 pwd53,6055736866459040,06/24,Seattle,Denver
user54,pwd54,Hansside,Lake Jaiden,Rhea,Satterfield,user54 pwd54,7844708473180830,07/24,Frankfurt,Sydney
user55,pwd55,Port Sabrynastad,Quigleyport,Kayla,Gutmann,user55 pwd55,6117148227774820,08/24,Frankfurt,London
user56,pwd56,Port Rowlandtown,Gaylordview,Larissa,Homenick,user56 pwd56,2185036906514270,09/24,Frankfurt,Zurich
user57,pwd57,Port Andrewton,Port Sunnymouth,Kenyon,Hermiston,user57 pwd57,4108494829079200,10/24,Frankfurt,Los Angeles
user58,pwd58,Lake Eddiemouth,Lake Ivory,Allie,Erdman,user58 pwd58,1156032726849050,11/24,Frankfurt,Paris
user59,pwd59,North Pierce,Krajcikchester,Lesley,Jones,user59 pwd59,8148773080868490,12/24,Frankfurt,Portland
user60,pwd60,Wilhelminefort,Wehnershire,Neha,Hintz,user60 pwd60,8939261637441540,01/24,Frankfurt,San Francisco
user61,pwd61,Port Clairberg,New Freida,Michaela,Stanton,user61 pwd61,8431049401627090,02/24,Frankfurt,Denver
user62,pwd62,Port Jodyburgh,Davisview,Cole,Lind,user62 pwd62,5993798826777890,03/24,Frankfurt,Seattle
user63,pwd63,East Julia,New Kiannastad,Violet,Kuphal,user63 pwd63,2358287457159570,04/24,Sydney,London
user64,pwd64,East Malvinastad,Port Tryciaside,Aric,Dooley,user64 pwd64,8687128943249650,05/24,Sydney,Zurich
user65,pwd65,East Retafort,Lake Elsa,Jazlyn,Crooks,user65 pwd65,7225702519627660,06/24,Sydney,Los Angeles
user66,pwd66,Roderickburgh,North Woodrowfort,Irwin,Legros,user66 pwd66,5619866231993480,07/24,Sydney,Paris
user67,pwd67,New Arlofort,New Bennie,Emily,O'Hara,user67 pwd67,7099317625652750,08/24,Sydney,Portland
user68,pwd68,Port Kayceestad,Zulaufton,Halle,Beatty,user68 pwd68,6105019764626740,09/24,Sydney,San Francisco
user69,pwd69,South Magali,Lake Erlingfurt,Ward,Rau,user69 pwd69,2890248362069130,10/24,Sydney,Denver
user70,pwd70,Boganhaven,South Minervashire,Aliza,Nolan,user70 pwd70,3951833782993630,11/24,Sydney,Seattle
user71,pwd71,Alexamouth,Coreneport,Rachel,Anderson,user71 pwd71,5380773231537660,12/24,Sydney,Frankfurt
user72,pwd72,New Anaside,East Marciamouth,Margarett,Hansen,user72 pwd72,4509649618395710,01/24,London,Zurich
user73,pwd73,Claudiaville,Danykastad,Ettie,Adams,user73 pwd73,4635108275707740,02/24,London,Los Angeles
user74,pwd74,Turcotteburgh,East Merrittbury,Emmanuelle,Huels,user74 pwd74,2452792889696450,03/24,London,Paris
user75,pwd75,New Carolyn,Pasqualeside,Eden,Cruickshank,user75 pwd75,5037108838967260,04/24,London,Portland
user76,pwd76,Maidaside,West Aaliyah,Sigrid,Wehner,user76 pwd76,8721890271609940,05/25,London,San Francisco
user77,pwd77,West Karlie,Boehmland,Fern,Sporer,user77 pwd77,7768871178880230,06/25,London,Denver
user78,pwd78,Lake Melissaview,Lehnerside,Laurie,Carroll,user78 pwd78,5878900753456050,07/25,London,Seattle
user79,pwd79,West Valerie,West Cleo,Norene,Gerlach,user79 pwd79,4017641919597880,08/25,London,Frankfurt
user80,pwd80,Nealstad,Wolfstad,Myrtle,O'Hara,user80 pwd80,6390712947469160,09/25,London,Sydney
user81,pwd81,Breitenbergshire,Wymantown,Shanie,Bosco,user81 pwd81,7552729990915260,10/25,Zurich,Los Angeles
user82,pwd82,Johannhaven,Durganberg,Amanda,Macejkovic,user82 pwd82,1719656024176600,11/25,Zurich,Paris
user83,pwd83,East Nathanielport,Port Bernadettetown,Clay,Larson,user83 pwd83,2271204289392580,12/25,Zurich,Portland
user84,pwd84,Roobport,Port Rosa,Missouri,Hegmann,user84 pwd84,2455703931591340,01/25,Zurich,San Francisco
user85,pwd85,Port Hildegard,East Leonorside,Kip,Rutherford,user85 pwd85,7082725163770430,02/25,Zurich,Denver
user86,pwd86,Juanitahaven,West Leila,D'angelo,Brakus,user86 pwd86,1790055037897430,03/25,Zurich,Seattle
user87,pwd87,Eleanorefurt,Baileyside,Iva,Tillman,user87 pwd87,1335216631061200,04/25,Zurich,Frankfurt
user88,pwd88,North Wendyton,Lake Humbertochester,Jailyn,Bartoletti,user88 pwd88,8560853106784360,05/25,Zurich,Sydney
user89,pwd89,Townetown,North Danyka,Eli,Johnson,user89 pwd89,5969955293561280,06/25,Zurich,London
user90,pwd90,New Arnoldo,Litteltown,Georgiana,Wilderman,user90 pwd90,5366793685286540,07/25,Los Angeles,Paris
user91,pwd91,New Terrill,Borerhaven,Brady,Conroy,user91 pwd91,5926248881495760,08/25,Los Angeles,Portland
user92,pwd92,Pagacfort,West Pink,Eve,Rempel,user92 pwd92,3717727959074160,09/25,Los Angeles,San Francisco
user93,pwd93,Lake Carlohaven,New Estellborough,Dominic,Bartell,user93 pwd93,3707611910063570,10/25,Los Angeles,Denver
user94,pwd94,Lehnermouth,Koreyfurt,Khalil,Willms,user94 pwd94,4354856153572770,11/25,Los Angeles,Seattle
user95,pwd95,New Shanyborough,Lake Kailee,Asia,Weissnat,user95 pwd95,4827670648140390,12/25,Los Angeles,Frankfurt
user96,pwd96,New Oletown,Walterfurt,Brooke,Pacocha,user96 pwd96,6692065532452370,01/25,Los Angeles,Sydney
user97,pwd97,Lake Alexandro,Lake Isabelle,Mae,Carter,user97 pwd97,6459387665202540,02/25,Los Angeles,London
user98,pwd98,New Kayliefort,West Pinkbury,Kathryn,Braun,user98 pwd98,3212614913427910,03/25,Los Angeles,Zurich
user99,pwd99,South Rebeka,New Imabury,Brooklyn,Stanton,user99 pwd99,1956625062438340,04/25,Paris,Portland
user100,pwd100,New Jensenshire,West Ronaldoberg,Salvador,Gusikowski,user100 pwd100,8612996075946010,05/25,Paris,San Francisco
